{"main":"pfizer-rp-sapi.raml","name":"pfizer-rp-sapi","groupId":"ce235d46-115c-497c-b0e2-474afd80f5e9","assetId":"pfizer-rp-sapi","version":"1.0.1","classifier":"raml","tags":[],"dependencies":[{"version":"1.0.0","assetId":"x-correlation-id","groupId":"ce235d46-115c-497c-b0e2-474afd80f5e9","provided":false},{"version":"1.0.0","assetId":"security-schemes-mb","groupId":"ce235d46-115c-497c-b0e2-474afd80f5e9","provided":false}],"descriptorVersion":"1.0.0","organizationId":"ce235d46-115c-497c-b0e2-474afd80f5e9","apiVersion":"v1","originalFormatVersion":"1.0","metadata":{"projectId":"e2cd8ac2-af02-4bb2-b8ff-1dd37d7035ec","branchId":"master","commitId":"2ccb080ab38891087763670e966a41b66d2de934"}}